EFPSTV,714
NQEPSW,836
AEGIFP,762
ARNEGK,740
ACKTWY,819
RQGKSW,777
REHKSW,795
ANCGPS,777
DKFPSY,866
ADQEKY,853
RDQEST,734
QEMTWY,883
RDCQMT,898
AQEGHT,759
LKMFWY,936
ANLKWV,773
CQMWYV,971
ADGLKW,796
AEHKST,725
QEHIMV,852
NILKSV,755
RNELTW,755
NDHKMY,1186
DQEHLV,838
ARNHLK,727
RNLKFT,772
ARNQIY,771
EIFTYV,819
RCEKPV,745
RQGMTW,816
QEILKM,805
RQFSYV,759
RCGMFW,916
DCEGKP,878
DCEIFS,851
RQGLMP,765
NIMPWV,898
NDCEMF,1054
QHLKFT,795
CGHTYV,826
ARIMSV,687
RGHLSY,760
ADGIFV,852
RDQSTW,813
ADGIMY,881
DQGFSV,805
DIPSTV,759
ARDGIV,757
REHMWY,927
RQSTWY,775
AQEHWV,812
RDQKST,753
ARCQKM,765
NDEKMP,961
RCQLFP,816
CQIMFS,823
RCHTYV,809
RDCFPW,1020
RCQLST,697
ANDCMS,869
RDISTY,762
GHLMSW,814
EGIFSV,782
CQELMT,770
DHIMFW,1287
RQLFPS,752
ANPTWV,768
AQGIFP,774
QEHKMS,806
ACQIPY,803
ARIMFT,759
RIFPSY,770
CQKMFT,853
ARDLMP,752
DEGFPT,815
ACQEMS,742
CEISWV,806
QGILTY,749
ANEHKM,836
DEGKTY,832
CHLMPV,835
ALFPWY,846
NQGKTV,754
ARCMST,705
DCQLTW,909
NHIMPY,948
ILKSTW,727
RDEHLW,872
CEGLFT,769
NCMWYV,1016
DQLFWY,1048
QGLKPS,737
ANHFSY,839
RQGLMP,765
ARNCES,720
RCGILY,797
EGILWV,809
ADIPWY,894
DHLFPV,894
NCITWY,986
