RDEFW,2519
QGILK,2266
EHSWV,2364
RCGHK,2424
QELKF,2325
RHKPW,2525
HLKPV,2282
AHIPV,2341
EKMSY,2323
RELMF,2251
RDETW,2408
NEHLW,2463
CHFSW,2700
RCHIY,2650
ADCIS,2277
DGMFV,2414
ARCLP,2198
RCLSV,2172
RDCLM,2310
AISYV,2243
RQEFP,2343
AELPV,2184
ADELW,2290
GHILM,2345
CQEIF,2543
CKFSY,2484
FPSTV,2232
GKMTV,2282
DCEPW,2612
AMSTW,2281
NCLSV,2266
GHIFW,2708
DQHKV,2409
QGLPW,2356
ACISV,2257
ADGLP,2183
GILSV,2176
RQLPS,2161
AQELY,2246
RCEFY,2503
AEIFP,2301
DCHFY,2917
REIKV,2303
CEIPS,2321
RNDMS,2281
NCMPV,2469
ANGIM,2295
QMFTW,2618
ARQKF,2300
GIKTW,2435
ARCGW,2367
EHIPW,2556
NHLWV,2480
CGKFW,2612
RNQKW,2555
QGHLM,2345
ANMFP,2366
ADHLV,2244
CMFPT,2530
ANDHW,2587
DIFYV,2612
NQFTW,2627
DCGMP,2470
QLMTW,2396
QEHWV,2531
CHIMF,2852
RGFPW,2432
AFPWV,2385
NMPWV,2534
NELKF,2352
RQGHF,2454
NGLFT,2290
DGHMF,2540
CEPTV,2315
DCGTW,2565
NQGTV,2293
NCKPS,2355
ANELY,2255
RGIST,2192
NCHFT,2699
NCQYV,2598
AQIWY,2495
NCIPW,2722
AMPTY,2328
DMPST,2262
REHMV,2342
NDHLF,2479
DISWY,2525
QGIFY,2514
NCHLT,2434
NKTWV,2476
NEKFY,2588
AGILY,2235
AQEKT,2262
DKPST,2237
DQGIT,2370
ADGKP,2228
RNGIY,2431
DCQGF,2500
DQLPY,2352
