L,LK,IMP,NSWY,AHILW,ARCLMY,ARILSWY,NCEHKMTW,CEHILFTWV,CEGHISTWYV,ANDGKFSTWYV,REGHIKMFSTWY,ARNDQEGIFSWYV,ANCEGILKFSTWYV,RNQEGILKFPSTWYV,ARNDCQEGHILFPSTW,RNDCQEHILKMPSTWYV,ARNDCQEGHIKMFPSTYV,ARNDCQEGHILMFPSTWYV,ARNDCQEGHILKMFPSTWYV
R,RF,RNW,LSTY,NDEKM,RQEHLF,ANQEKMT,RDQEIWYV,ARGFPTWYV,ARDQEGKFSY,NDCQEHIKWYV,ADQEHIKFSWYV,RNCQEGILKFPYV,ARDCQEGLKMFSWV,NDCQGIKMFPSTWYV,RDCQEHILKMPSTWYV,ARDCQEGHILKMFSTWY,ARNCQEGHILKMFPSWYV,ARDCQEGHILKMFPSTWYV,ARNDCQEGHILKMFPSTWYV
K,NG,ACK,ARCT,DEKFW,CQEGPY,RDEGLTV,ACEILMTY,RDEMFPSTV,RCQEKMSTWV,ANDCGHLKTWV,ARCQEHKPSWYV,ARNDQGHILFPWV,ARNDCGHIKMPSTW,ARNDCQHILMFSWYV,ARNDQEGHIKFPTWYV,ANCQEGHILKMFPSTWY,ARNCQEGHILKMFPSTWV,ARNDCQEGHLKMFPSTWYV,ARNDCQEGHILKMFPSTWYV
P,IP,DCG,RNDC,REPTY,AEIFTV,ARKFWYV,ARQHIKFV,RNEKMFPWV,RDCGHIPSTW,AGHILKFPSWV,ARNEGHKMSTWY,DQEGILKMFPWYV,ARQEGHILKMFSWY,RNCEHLKMFPSTWYV,ARNDCQEGIMFPSTYV,RNDCEGHILKMFPSTWY,ARNDCQEGHILKPSTWYV,ARNDCQEGHILKMFPSTWV,ARNDCQEGHILKMFPSTWYV
I,HP,DGK,EGTW,AQETV,RDHPYV,ADQGHKT,RGHKMSWY,RCEILFSWY,RDQEGIFTYV,RNQGIKMFTYV,RDCQEHLMFPTV,ARNDEGILKFTWY,ANDCQEGILMSTWY,ANDCQGHIKMFTWYV,ARNDCEGHLKMFPSWV,NDCEGHILKMFPSTWYV,ANDCQEHILKMFPSTWYV,ARNDCQGHILKMFPSTWYV,ARNDCQEGHILKMFPSTWYV
G,MS,QMS,RNQG,DCEGH,ADQFSV,DQHKSWY,DLKMFPST,NDCQEILMP,RNCQHIPSWV,ANQEGHKFTYV,ARDEGHLKFPSV,NDQEGLKMPSTWV,ANDCQEGLMFSWYV,ARNDQEGHILKFPTW,RNDQEGHIKMFPSTWY,ARCQEGHILKMFPTWYV,ARNDCQEGHLKMFPSWYV,ANDCQEGHILKMFPSTWYV,ARNDCQEGHILKMFPSTWYV
I,IV,NQY,NQMY,RCMSW,QGILKW,ACQEFWY,EGKMPSTW,QEHLFPSTY,ANEGHIKMPW,ADCQEGHIMWY,ARDQGHIKMFTY,NDEHIKMFPSTYV,NDCQEILKMFPSWY,ARNDQEGHILMPSTY,ARNDQEHLKMFPSTWY,ARDCQEGHILMPSTWYV,RNDCQEGHLKMFPSTWYV,ARNDCQEGHILKMFPSTYV,ARNDCQEGHILKMFPSTWYV
C,AR,IPV,DEHF,RLKST,ARDGLK,NHIMSTW,ADGILSTW,NEGHLMFPV,ANDQEHILKT,ANCGHILMPSV,RDCQEKMFPSWV,RCQEGIFPSTWYV,ARNCQEGHIMFPSV,ARNDCQGHLMFTWYV,ARNDCQEGHIMFSTWY,ARNCQEGHILMFSTWYV,ARNDCQEILKMFPSTWYV,ARNDCQEGHLKMFPSTWYV,ARNDCQEGHILKMFPSTWYV
A,AH,NDV,DGTY,DFWYV,ELKPSY,RCEHMPW,ARNILKFP,RNDCQIKYV,RDQGILMFPY,NDCQEILMTWV,ARNEGILKFSWY,RNDCGHLKMFPSV,ANDCQHILMFPSYV,ARNDCQGHILKMFTV,RDCQEGILKMFSTWYV,RNDCQEGHILKMFPWYV,RNDCQEGHILKMFPSTWY,RNDCQEGHILKMFPSTWYV,ARNDCQEGHILKMFPSTWYV
R,RS,IMT,REKW,ACKFW,QIFSTW,CEGLKFV,RDIKPSYV,ANDCLKFPS,RCEHLMFPWY,ARNCEGLFPSW,ARDCEHILFPSW,ARNQEGHILKSTV,ARNDEGHMFPTWYV,RNDCQEGHILMSTWY,ANCQGHLKMFPSTWYV,ARNDCQEGHILKFPTYV,RNDCQEHILKMFPSTWYV,ARNDCQEGHILKMFPTWYV,ARNDCQEGHILKMFPSTWYV
S,QV,DGW,NQTY,DHLTY,CQIKMV,AEHILKS,ARHKMFTW,GHILFPTYV,RCGHIMFSYV,RNCQIKMFTWY,ARCGHIKFPSWV,DCQEGHILFSTYV,NDCEGHLKMFPSTW,RNDCQEHIMFPTWYV,ARNDCQEILKFPSTWY,ARNDCQEHILKMPSTYV,ARNDCQGHILKFPSTWYV,ARNDCQEGILKMFPSTWYV,ARNDCQEGHILKMFPSTWYV
Q,MV,EKS,AETY,HLPSV,DEGKMW,RNHLKWV,ADCQEHIF,ARDQHSTWY,ARNDQFPTWV,ACQHIKPSTYV,RNDCGHKMFSWV,ARDGHILKMFPWY,ARNDCQEGHLMFTY,ARNEGHIKMFSTWYV,ARDCQEGHLMFPSTYV,ARNDQEGHILKFPTWYV,ANDCQEHILKMFPSTWYV,ARNDCQEGHILMFPSTWYV,ARNDCQEGHILKMFPSTWYV
G,RG,KFW,GIWV,DEGKT,RDGFTY,RHKMFPY,RNCILKMP,DCQEGHMFS,ARNQEHIMSW,NDQEGLKMFSW,RNCQEGIFPTWY,ADQGHLKMFPSWV,NCQEGILKFSTWYV,ARNDCQGILKMPTWY,ARNDQEHIKMFPTWYV,ARDCQEHIKMFPSTWYV,ARNDCQEGHIKMFPTWYV,RNDCQEGHILKMFPSTWYV,ARNDCQEGHILKMFPSTWYV
V,NY,QLK,RPSV,RQEST,NDQMFV,ARCIKPS,ARDQGLWV,NQEILKMFP,ADQHLKSWYV,CQEILKMPSWY,ANDQGHIKPTWV,ANDCGHLMFPSYV,ARNDQGHLKPSTYV,RNDQEGHILKMPTYV,ARNDCQEHILKMPSYV,ARNDCQEGILKMFPSTY,ARNDQEGHILKMFPSTWY,ARNDCQEGHLKMFPSTWYV,ARNDCQEGHILKMFPSTWYV
F,GF,HIS,QEHL,RKPSY,RNDEFY,AGHIPSV,DCGILMFV,ARNDCEITV,ANDQHIKMFS,RNCQGIMPWYV,RNDQEGILPTWY,ARNDCLKPSTWYV,RDCILKMFPSTWYV,ARNDCEILKMFPTYV,ARNDCQEHILMPSTWV,ARNDCQEGHKMFSTWYV,ARDCQEGILKMFPSTWYV,ARNDCQEGILKMFPSTWYV,ARNDCQEGHILKMFPSTWYV
D,GT,LFY,CGKY,ACHMY,RDCHPT,NDEMFSW,ARNCIKFT,NQEGHKMFY,RDGILKPTYV,NDQGKFSTWYV,ADQEHIKFPSYV,RDCEGLKMFTWYV,ARDCQEGIMFPSWV,ARNDQGHIKMFSWYV,ARNCQGHLMFPSTWYV,ARDCQEGHILKFPSTWV,ARNDCQEHLKMFPSTWYV,ARNDCQEGHLKMFPSTWYV,ARNDCQEGHILKMFPSTWYV
F,EP,RNV,KFSW,RDPYV,NEGILT,ACLFPSV,QGLKMPTY,ARDCEILSY,ANCQIMFPTY,ANDCHLKFPTW,ARDEHIKFPSTV,ARCEGHLKMFSWY,ARDEGHIKMFPSWV,ARNCQGHILFPSTYV,ARNCQHILKMPSTWYV,ARNDCQEGHILKMFPTY,ARDQEGHILKMFPSTWYV,ARNDCQEGHILMFPSTWYV,ARNDCQEGHILKMFPSTWYV
M,KY,RQI,AREF,CHISY,AHKMPV,RDHIMSV,RNHILKMP,NDGILFSTW,ARGHILFSWV,ARCQHIKFSWV,ARCQHIKFSTWY,RNDCEHILKMSTY,NDCQGHILMFSTYV,ARDCQEHILKMPWYV,ARNDQEGHLKMFPWYV,ARNDCEGHILKMFSTYV,ANDCQEGHILKMFPSTYV,ARNDCQEGHILKMFPSTWV,ARNDCQEGHILKMFPSTWYV
A,PT,QHW,EGKV,CHIFP,NCGKMW,ARDEHPW,NDELKPSY,NCEIKMPTW,RGHILKMFPV,ACEGILKMTWV,RCQEGIKFPSWV,ARCQGHLKMPWYV,ARNDCQEGLKMSWV,ARDCQELKMFPSTYV,RNDQEGHILMFPSTWY,ARNDQEGILKMFSTWYV,ARNDCQEGHILKMPTWYV,ARNDQEGHILKMFPSTWYV,ARNDCQEGHILKMFPSTWYV
E,AY,NQF,EIMW,RNKPS,ADCLSY,DCQGHIT,RNDQEGHP,ANEGHKMSW,ARNDIKFTWV,RNQHILKFPWY,ANCQEHLFPSWY,ARNDQHILKFTWV,ANDCQGHILMSTYV,RNCEGHILMFSTWYV,ARNDCQEGIKMFSWYV,ANDQEGHILKMFSTWYV,ANCQEGHILKMFPSTWYV,ARNDCQEGHILKMFPSTYV,ARNDCQEGHILKMFPSTWYV
