CILK,464
RDQH,523
DGKM,517
RQMT,490
DQGS,415
RHLT,416
AEPY,493
EKPW,521
GILV,442
QMTW,716
NITV,608
NGWV,622
AIFV,870
QILK,461
REMS,388
QEIP,494
NPST,425
ANCV,954
DGMT,511
IKTY,585
LMWV,674
ACHT,650
RGHM,530
CEKM,574
HMSW,683
ACHL,551
DCLW,565
EPTV,446
NFTV,616
CQFS,500
AELF,514
REPY,428
CHPW,840
KMTW,647
RDLT,391
DCPS,446
DILK,485
DHFY,825
DCIM,720
NSTV,462
RCEI,472
HFWY,1109
NCFT,621
IKMW,757
EFTW,587
AHMP,699
NISW,571
RCIF,541
NQHP,582
ACQV,802
NEKW,641
CQLK,456
RHLS,371
HIPT,538
DLTV,453
DEPT,462
KMFS,470
HMSW,683
RKMW,565
ARIT,449
GIKM,511
DCQV,607
EIWV,673
AGFT,495
GMWY,744
ACHS,546
RCHK,539
RNPS,383
EGHI,532
NCHI,766
ARQY,501
NQGV,505
QLSW,427
DEGV,496
RCLW,485
HISW,584
LWYV,631
RMFT,504
DGFS,447
ANDP,561
DIKS,429
NGIK,484
MSWY,634
MFTY,754
DCLM,527
GHIT,512
QEHS,454
NHPS,481
AEGI,477
DIWY,820
HFSY,588
GLPY,431
CEMY,687
AQGY,493
QGWY,592
LMFT,535
RLPY,419
NMSV,538
KFPT,458
STYV,482
