I,EW,EPS,RDQH,QGILK,NQEPSW,NDQGHKM,NDEHSWYV,ANQEGIFPY,ARDQIKMPTY,ARNDCQGHKSV,ARNEGHLKMPYV,ADCQEGHMPSTWY,RNQEILKMFPSTWY,ADCQEGHILKFPTWY,ARNDCEHILKFPSTWV,ARNCQEGHIKMFPSTWY,RNDCQEGHILKMFSTWYV,ARNDCQEGHILKFPSTWYV,ARNDCQEGHILKMFPSTWYV
H,KW,APV,ANGP,RGILV,CEKMSY,DKMFPSY,DCQGMSTW,RNEHLKMFW,ADQEGKTWYV,NEGIKMFSTWV,RNDCEHKMPSTW,RDQEHLMFPSTWY,ANCQGHKFPSTWYV,ANDCQEGHLKFPSWV,NDCQEGILKMPSTWYV,ARDCEGHILKMFPSTYV,ARNDCQEGHILMFPSTWV,ARNDCQEGHILKMFPSTWY,ARNDCQEGHILKMFPSTWYV
I,QT,EMS,ADCS,LKFWY,QEHIFP,ADGIMFV,ANDLKSWV,ANCQEMPST,ARCGLFPWYV,ANCQEKMPWYV,ANCEGHKMSTWV,ARDCQGHLKMSWV,ADCEGILKMFSWYV,ARNDCEGILMFPTWY,ARNDCQEGILKMFSTY,ARNCEGHIKMFPSTWYV,ARNDCQEGHILKMSTWYV,ARNDCQGHILKMFPSTWYV,ARNDCQEGHILKMFPSTWYV
V,FP,NIV,ACHT,AELPV,RNELTW,RCEGHMV,ADQELMWY,NDQHLKMFY,NDCQEIKMSY,ADGHILKMPWV,DCQEGHLMFSTV,RNQEGHLKMFSWY,ARDCQEHILFPSWY,ARNDQEGHLKMFPSV,ANDCQEGHILKSTWYV,ARNCQEGHKMFPSTWYV,ARNDCQGHILKMFPSTYV,ARNDCQEGHILKMFPTWYV,ARNDCQEGHILKMFPSTWYV
N,EV,KMT,FTYV,NFSTV,DCELPW,RCQEKPV,CQEHIFSY,AIKMFSTWV,RDQEGMTWYV,ARDQEILKFSY,ANCQEGLMSTWV,ACQEGHILKMPYV,RCQEGIKMPSTWYV,ANDQEGHIKFSTWYV,RNCQEHILKMFPSTYV,ANDCQGHILKMFPTWYV,ARNDCQEHILKMFPSWYV,ARNDCQEGHLKMFPSTWYV,ARNDCQEGHILKMFPSTWYV
W,DC,DLT,CISV,DCEFS,DCGPSY,ADGHLPT,RNQGLMFP,NDGHILKPS,DCEGHILSTV,NQEGIMFPTWV,ADQGHKMFPTWY,RNCQEGLFPSTWY,RNDCQEGHKMFPWY,ANDCGHILKMFPSWY,ANDQEHLKMFPSTWYV,ADCQEGHLKMFPSTWYV,ARNCQEGHILKMFPSTYV,RNDCQEGHILKMFPSTWYV,ARNDCQEGHILKMFPSTWYV
I,AI,IMV,HFWY,DCHFY,RGHLSY,NCEFPTV,RDEGIKYV,ARDGILKFV,NDILKMFTWV,RCEGIMFPSTW,ARDQGHLMFSTW,AREGILKFPTWYV,ARNDCEHMFSTWYV,ARNDCQGIKMFPTWY,ARDCQHILKMFPSTYV,ANDCEGILKMFPSTWYV,ANDCQEGHILKFPSTWYV,ARNDCQEGHILKMFPSWYV,ARNDCQEGHILKMFPSTWYV
S,RF,MFW,DGIV,NQHLP,ARQLKF,AREHMWY,ANCQELTV,ANCGIKTWV,RNCQKMSTWY,RNDEGHLKSTW,ARNDCQGIKSWV,ARDQEGHLKFTWV,ADCQGLKMFSTWYV,ARNCQEHILKMPSWY,ARNDQEGLKFPSTWYV,ARNDCQEHILFPSTWYV,ARNCQEHILKMFPSTWYV,ARDCQEGHILKMFPSTWYV,ARNDCQEGHILKMFPSTWYV
C,NK,DLT,RNQK,RCLFP,NDEMPT,CQGHLMV,ACQHIMFS,AGKMFPSYV,ANDCILMFPY,RNCGHLPSTYV,NDGHILMSTWYV,ANDQEHILPSTWV,RNDCQGHLKFPSTW,RNDCEHILKMSTWYV,ANDCQEGHIKMFPSTV,ARNDCQEHILMFPSTYV,ARNDCEGHILKMFPSTYV,ARNDCQEGHIKMFPSTWYV,ARNDCQEGHILKMFPSTWYV
G,IV,RIY,DCQV,NQFTW,GHLMSW,NQEITWV,ADCGLMPV,ANEGIMFSV,ARCQEGMFST,ADQHILMFTWY,RNCQELMPSTWY,RNDCQGHMPTWYV,RNQEGHILKFSTWV ,ARDCHILKMFPSWYV,ARNDCQEGHILKFPSV,ARNDCQEGHILMFSTWV,ARNDCQEGHILKFPSTYV,ARNDCQEGHILKMFSTWYV,ARNDCQEGHILKMFPSTWYV
T,RS,FWV,QIFP,CEGHI,NKMPWV,CQEHKMS,NCEGHIMF,NELKFPSTY,ACQHILFPSY,ARNQGLPTWYV,ARQGHLFPSTWY,ARNQILKMFSTWV,ANCQEGLKMPTWYV,ARNDEGHLFPSTWYV,ARDCQILKMFPSTWYV,ANDCQGHILKMFPSWYV,ARNDCQGHLKMFPSTWYV,ARNDCQEHILKMFPSTWYV,ARNDCQEGHILKMFPSTWYV
E,LM,RCW,DCTW,DEGFT,RNHISW,NQGHPTV,ADCQEIMS,DCHLKFWYV,ANDCHKPSTV,ADCEIFPSTWV,RCEHILKMFSTV,ARNDCQEHILKYV,NDQGHILKMFSTWY,ANDCEGHKMFPSWYV,RDCEGHILKMFPSTYV,ARNDCEGHILKMFPSTW,ARNDEGHILKMFPSTWYV,ARNCQEGHILKMFPSTWYV,ARNDCQEGHILKMFPSTWYV
I,CV,CLP,NGIK,AQIWY,ALFPWY,EKMPSWY,RNCQIPSW,RNDQGKSTV,NDELMFTWYV,ANCQHKMFPTY,ARNDCEGKMSTY,ANDCQHLKMFTWV,ANDCQEGILKMPST,ADCQHILKMFSTWYV,NDQGHILKMFPSTWYV,ARNCQEGHILKMFSTYV,ANDCQEGHILKMPSTWYV,RNDCQEGHILKMFPSTWYV,ARNDCQEGHILKMFPSTWYV
L,HP,SWY,RHLW,AEGIP,NQGIFY,CEGLFTY,ADCHIKWY,NDCHILTYV,RNCLKMFWYV,ADEGHLFPSTY,ARNQILKMSTWV,ADQEHILMFSWYV,ANDEGHLMFPTWYV,ARNDQEGHILKMFTY,ANDCQGHILKMFPSYV,RNCQEGILKMFPSTWYV,ARNDCQEGHILKMPSWYV,ARNDCQEGHILKMFPSTWY,ARNDCQEGHILKMFPSTWYV
A,RP,QGY,DPST,ARNES,DILMFT,ADQGIPT,RCGILMSY,RDEHILMPY,ADCGILKPTY,NDCEGILKFWV,RNQEGILKMSTV,ARNDEGIKMFWYV,ANDQGHIKMPSWYV,ARNDEGILKMFPSTW,ARNDCQGHLKMFPTWV,ANDQEGHILMFPSTWYV,RNDCQGHILKMFPSTWYV,ARNDCQEGHLKMFPSTWYV,ARNDCQEGHILKMFPSTWYV
H,QP,EMT,NDMV,RNEFY,ADQHPV,RNQEHKM,NQGIKMYV,ARDCIKMFV,ANQLKFSTWY,RDQEHIPSTWV,RNDCGHKMFPTY,ARNDCQHILMFTW,DQEGIKMFPSTWYV,DCQEGHILKFPSWYV,ANCEGHILKMPSTWYV,ARNDCQEGHILKFPSTW,ARNQEGHILKMFPSTWYV,ARNDCQEGHILKFPSTWYV,ARNDCQEGHILKMFPSTWYV
G,LT,DQK,ANIW,NEGLV,RCGIFW,EGHILFT,ANGLMTWY,ADQEGKFPW,ARNDCQGIKS,ARNQEHILKYV,ADHIKFPSTWYV,ARDCQEGHISTWY,RDCQEHIKMPSTYV,RNQEGHLKMFPSTYV,RNDCQEHILKMPSWYV,ARDCQGHILKMFPSTYV,RNDCQEGILKMFPSTWYV,ARNDCEGHILKMFPSTWYV,ARNDCQEGHILKMFPSTWYV
Y,QH,DKM,ARCS,DLFTW,ACEMST,NDHLTWY,NDEGHKMT,RGHKMFPSY,CQEGIFPTWV,RNDCEHLFSTY,ADCEGLKFPWYV,ARNEGILFSTWYV,ARDQGHILMFSTWV,ARCQEGHLMFPSTWV,ARNDCQEGIKMFSTYV,ARNDCEGHILKMFPTYV,ANDCQEGHILKMFSTWYV,ARNCQEGHILKMFPSTWYV,ARNDCQEGHILKMFPSTWYV
C,KM,DMP,ANIF,ARDSW,CILTWV,DGHIKTY,ARQGLSWY,RNCEHIMST,ADCEGHILKY,RNCEHLFSTYV,ARNDCEGMFTWY,ARDEGILKMFSWV,ARNCEHILMFPWYV,ANDEGILKMFPTWYV,ANDGHILKMFPSTWYV,ARNDCQEGHILFPTWYV,ARNDCEGHILKMFSTWYV,ARNDCEGHILKMFPSTWYV,ARNDCQEGHILKMFPSTWYV
Y,AE,AYV,NQMF,AEIMW,RNQKPS,ADCLFSY,RDCQGHIT,RNDQEGHPW,ANEGHKMSTW,ARNDHIKFTWV,RNQHILKMFPWY,ANCQEHLFPSWYV,ARNDCQHILKFTWV,ANDCQGHILMPSTYV,RNCEGHILMFPSTWYV,ARNDCQEGIKMFSTWYV,ARNDQEGHILKMFSTWYV,ARNCQEGHILKMFPSTWYV,ARNDCQEGHILKMFPSTWYV
