NQITY,466
CLFTY,468
ARHIM,436
DEGMT,383
DQGPY,435
DCHWV,540
NCQHP,537
ELFTV,373
ACSWY,427
NDHWV,558
ARCTV,365
NELMT,411
ARLFV,356
HLMWV,492
ADCQT,386
NDSTV,359
GHLPW,463
KFPWV,455
RCHTV,413
CIFPS,407
QIKTY,456
DLKFY,466
QILFT,434
NDHMP,505
RGTWV,390
QLTYV,387
CHMPT,479
RCQIV,448
DCEGF,445
EGIFP,395
CQMYV,488
QHKST,396
REGIM,403
ACQMY,457
RKMYV,481
ACQKW,476
RLPSY,378
CEPTY,421
CELFS,390
DCIKF,496
ACQEG,376
CHPYV,463
DCKFT,448
ADMPT,385
NCGHI,466
AQFSW,403
CQIMT,493
REGLP,377
AGHLS,324
GKFTV,373
AEKMY,429
RILFV,426
DEGHI,432
AKFST,357
AQEHP,426
ACILV,370
AMPWY,474
RLPWV,412
ANGKT,359
CHKSW,491
DCHWY,699
AEFSY,370
RDMWV,485
RHMPY,540
NCGHI,466
EGPYV,376
ADFPY,396
AGIKV,363
DIMPV,421
EKPTY,401
ACESY,369
NGKMF,484
RNGLM,413
ARHYV,404
NGIKW,479
GIMFY,496
AIMSY,361
NGHTY,448
CHIMT,525
QEPSY,402
AGMPT,363
AGILM,346
DGHLV,385
RCIMT,468
QGKYV,408
ADQGP,352
QEGLT,373
ACILW,402
AIWYV,446
DILPV,397
DEHSW,449
NCEKW,545
RQGHF,491
AEHMP,427
NCKSW,484
CEKPS,383
DELKT,382
QGHLW,479
RQGLM,420
RCHKP,579
QGILK,403
RGILV,373
LKFWY,541
AELPV,344
NFSTV,373
DCEFS,420
DCHFY,622
NQHLP,469
RCLFP,454
NQFTW,525
CEGHI,433
DEGFT,401
AQIWY,469
AEGIP,338
ARNES,340
RNEFY,503
NEGLV,370
DLFTW,466
ARDSW,363
AEIMW,463
