EPSW,DGKM,EHSW,AEGI,RQMT,RCGK,REGK,DQGS,QELK,ACTY,RHLT,HKPW,RGKW,AEPY,HLKV,RHKW,EKPW,AIPV,ANGP,GILV
EMSY,DKPS,QMTW,RELF,ADEK,NITV,RDTW,DEST,NGWV,NHLW,QMTW,AIFV,CHFS,RQMT,QILK,RCIY,QEHT,REMS,ADCS,LFWY
QEIP,DGMF,NLKV,NPST,ARLP,CQMY,ANCV,RLSV,AGKW,DGMT,DCLM,AKST,IKTY,AISV,EHIV,LMWV,REFP,NIKV,ACHT,ALPV
RELT,RGHM,AELW,NDHK,CEKM,GHLM,DQEL,HMSW,CEIF,ARNL,ACHL,CFSY,RNLK,DCLW,PSTV,RNIY,EPTV,GKMT,FTYV,NFTV
DCEW,CKPV,CQFS,AMSW,QMTW,AELF,NCLV,QEKM,REPY,GHFW,RSYV,CHPW,DQHV,RMFW,KMTW,GLPW,DCEG,RDLT,CISV,CEFS
DCPS,AGLP,QGMP,DILK,GILV,NIMP,DHFY,RLPS,NEMF,DCIM,AELY,QHKF,NSTV,REFY,CGHT,RCEI,AEIF,AIMV,HFWY,DCHF
RGSY,NCFT,REIK,ADGF,IKMW,EIPS,DQST,EFTW,RNDM,ADIM,AHMP,NCMP,DQFV,NISW,AGIM,DPST,RCIF,QMFW,DGIV,NQHP
ARQF,RMWY,ACQV,GIKT,RQTY,NEKW,ARCW,AQWV,CQLK,EHIW,RDKS,RHLS,NHWV,ACKM,HIPT,CGKF,NEKP,DLTV,RNQK,RLFP
DEPT,GHLM,IMFS,KMFS,AMFP,RCTY,HMSW,ADLV,RCPW,RKMW,CMFT,RCST,ARIT,NDHW,ANDC,GIKM,DIYV,RDIY,DCQV,NQFT
GHLM,EIWV,DCGP,EGSV,AGFT,QLTW,QELT,GMWY,QHWV,DHMW,ACHS,CIMF,QFPS,RCHK,RGPW,ANPT,RNPS,AFWV,QIFP,EGHI
NMPW,QHKM,NCHI,NELK,CIPY,ARQY,QGHF,ARFT,NQGV,NGLF,FPSY,QLSW,DHMF,KMFT,DEGV,CETV,RDLM,RCLW,DCTW,DGFT
HISW,NQGT,AQEM,LWYV,NCKP,EIWV,RMFT,ANEY,GILT,DGFS,RGIT,AHKM,ANDP,NCHT,DEGK,DIKS,CQYV,CLPV,NGIK,AIWY
LFPY,MSWY,CIPW,NQGT,MFTY,AMTY,RMST,DCLM,DPST,CQLT,GHIT,REMV,HIMP,QEHS,NHLF,ILST,NHPS,ISWY,RHLW,AEGI
GIFY,EGLT,DIWY,NHLT,NMYV,HFSY,NKTW,DQLF,GLPY,NEFY,QLKP,CEMY,AGIY,ANHY,AQGY,AQEK,RLMP,QGWY,DPST,ARNE
LMFT,DQGT,RCLY,RLPY,AGKP,ILWV,NMSV,RNIY,DIWY,KFPT,DCQG,DHLF,STYV,DQLP,NCIT,DQGH,RCQP,EMPT,NDMV,REFY
DQPV,RNEK,NGIV,RCKF,ALTW,DPSV,RGKM,RDQM,KMPW,CEFY,HKMV,EHKW,EFPV,RFPV,ADHI,DGLM,ILPT,DQKS,ANIW,NELV
GIFW,GHIT,ANGM,QEGW,RNCI,HKYV,DIKF,AEHT,DPSV,RNFP,NEYV,DQHM,CLFV,RIMV,QMTW,ARMY,QHFY,DIKM,ARCS,DFTW
CEMS,DHLT,NEKM,RKMP,CQEG,CELS,GLFP,EGIV,RQFT,RCPW,NMFV,AFYV,ISTV,RGMT,DFPY,CLKM,ELKM,DMFP,ANIF,RDSW
CILW,GIKY,RLSY,RNEM,AEGH,NLSY,RCTW,GLFW,EMFY,AEGL,AGKM,CEHL,RHSV,ARDK,AIFY,HPTY,AEKW,ACYV,NQMF,EIMW
RNKS,ACLY,GHIT,NGHP,ANHW,DFTW,FPWY,ANFS,QHKV,QMSV,CEGI,DEGI,NHLK,NGHL,RQGY,EHMF,NKSV,NETW,AQHS,NQIY
