EFPSTV,395
NQEPSW,514
AEGIFP,415
ARNEGK,535
ACKTWY,605
RQGKSW,630
REHKSW,686
ANCGPS,425
DKFPSY,539
ADQEKY,539
RDQEST,445
QEMTWY,605
RDCQMT,603
AQEGHT,453
LKMFWY,759
ANLKWV,494
CQMWYV,670
ADGLKW,476
AEHKST,453
QEHIMV,579
NILKSV,444
RNELTW,514
NDHKMY,805
DQEHLV,491
ARNHLK,578
RNLKFT,578
ARNQIY,539
EIFTYV,499
RCEKPV,583
RQGMTW,621
QEILKM,548
RQFSYV,504
RCGMFW,764
DCEGKP,513
DCEIFS,468
RQGLMP,510
NIMPWV,586
NDCEMF,598
QHLKFT,564
CGHTYV,481
ARIMSV,450
RGHLSY,476
ADGIFV,428
RDQSTW,518
ADGIMY,465
DQGFSV,436
DIPSTV,404
ARDGIV,448
REHMWY,823
RQSTWY,566
AQEHWV,524
RDQKST,528
ARCQKM,694
NDEKMP,610
RCQLFP,577
CQIMFS,526
RCHTYV,593
RDCFPW,717
RCQLST,453
ANDCMS,454
RDISTY,491
GHLMSW,496
EGIFSV,429
CQELMT,484
DHIMFW,765
RQLFPS,496
ANPTWV,470
AQGIFP,436
QEHKMS,534
ACQIPY,495
ARIMFT,551
RIFPSY,530
CQKMFT,657
ARDLMP,463
DEGFPT,442
ACQEMS,443
CEISWV,483
QGILTY,443
ANEHKM,566
DEGKTY,494
CHLMPV,502
ALFPWY,527
NQGKTV,456
ARCMST,478
DCQLTW,526
NHIMPY,639
ILKSTW,485
RDEHLW,632
CEGLFT,429
NCMWYV,689
DQLFWY,628
QGLKPS,455
ANHFSY,502
RQGLMP,510
ARNCES,458
RCGILY,513
EGILWV,464
ADIPWY,520
DHLFPV,502
NCITWY,664
